"station","lon","lat","mes_nme","base"
"San Jeronimo",-90.249465,15.061376,"Ene",27.1464516129032
"San Jeronimo",-90.249465,15.061376,"Feb",28.8277380952381
"San Jeronimo",-90.249465,15.061376,"Mar",30.3743010752688
"San Jeronimo",-90.249465,15.061376,"Abr",31.7088888888889
"San Jeronimo",-90.249465,15.061376,"May",31.2356989247312
"San Jeronimo",-90.249465,15.061376,"Jun",29.819
"San Jeronimo",-90.249465,15.061376,"Jul",29.0693548387097
"San Jeronimo",-90.249465,15.061376,"Ago",29.5835483870968
"San Jeronimo",-90.249465,15.061376,"Sep",29.4916666666667
"San Jeronimo",-90.249465,15.061376,"Oct",28.3678494623656
"San Jeronimo",-90.249465,15.061376,"Nov",27.097
"San Jeronimo",-90.249465,15.061376,"Dic",27.1802150537634
"Alameda Icta",-90.803798,14.637148,"Ene",22.7758064516129
"Alameda Icta",-90.803798,14.637148,"Feb",23.8365476190476
"Alameda Icta",-90.803798,14.637148,"Mar",25.0964516129032
"Alameda Icta",-90.803798,14.637148,"Abr",25.858
"Alameda Icta",-90.803798,14.637148,"May",25.1654838709677
"Alameda Icta",-90.803798,14.637148,"Jun",23.9714444444444
"Alameda Icta",-90.803798,14.637148,"Jul",23.955376344086
"Alameda Icta",-90.803798,14.637148,"Ago",23.7988172043011
"Alameda Icta",-90.803798,14.637148,"Sep",23.6608888888889
"Alameda Icta",-90.803798,14.637148,"Oct",23.1162365591398
"Alameda Icta",-90.803798,14.637148,"Nov",22.3185555555556
"Alameda Icta",-90.803798,14.637148,"Dic",22.4837634408602
"Chixoy",-90.662131,15.35821,"Ene",29.485376344086
"Chixoy",-90.662131,15.35821,"Feb",30.8290435139573
"Chixoy",-90.662131,15.35821,"Mar",32.5681720430108
"Chixoy",-90.662131,15.35821,"Abr",34.3054444444444
"Chixoy",-90.662131,15.35821,"May",34.0574193548387
"Chixoy",-90.662131,15.35821,"Jun",32.5595555555556
"Chixoy",-90.662131,15.35821,"Jul",31.9408602150538
"Chixoy",-90.662131,15.35821,"Ago",32.2345161290323
"Chixoy",-90.662131,15.35821,"Sep",32.3492222222222
"Chixoy",-90.662131,15.35821,"Oct",30.9138709677419
"Chixoy",-90.662131,15.35821,"Nov",29.4785555555556
"Chixoy",-90.662131,15.35821,"Dic",29.1215053763441
"Cubulco",-90.620582,15.109023,"Ene",28.5490322580645
"Cubulco",-90.620582,15.109023,"Feb",30.5961535303777
"Cubulco",-90.620582,15.109023,"Mar",32.398064516129
"Cubulco",-90.620582,15.109023,"Abr",33.751
"Cubulco",-90.620582,15.109023,"May",32.6578494623656
"Cubulco",-90.620582,15.109023,"Jun",30.9631111111111
"Cubulco",-90.620582,15.109023,"Jul",30.3932258064516
"Cubulco",-90.620582,15.109023,"Ago",30.6739784946237
"Cubulco",-90.620582,15.109023,"Sep",30.3365555555556
"Cubulco",-90.620582,15.109023,"Oct",29.1368817204301
"Cubulco",-90.620582,15.109023,"Nov",28.0027777777778
"Cubulco",-90.620582,15.109023,"Dic",28.337311827957
"INSIVUMEH",-90.532679,14.587267,"Ene",24.2870967741935
"INSIVUMEH",-90.532679,14.587267,"Feb",25.6879967159277
"INSIVUMEH",-90.532679,14.587267,"Mar",26.8177419354839
"INSIVUMEH",-90.532679,14.587267,"Abr",27.7522222222222
"INSIVUMEH",-90.532679,14.587267,"May",27.0860215053763
"INSIVUMEH",-90.532679,14.587267,"Jun",25.6193333333333
"INSIVUMEH",-90.532679,14.587267,"Jul",25.6533333333333
"INSIVUMEH",-90.532679,14.587267,"Ago",25.7617204301075
"INSIVUMEH",-90.532679,14.587267,"Sep",25.1991111111111
"INSIVUMEH",-90.532679,14.587267,"Oct",24.8221505376344
"INSIVUMEH",-90.532679,14.587267,"Nov",24.3576666666667
"INSIVUMEH",-90.532679,14.587267,"Dic",23.9322580645161
"Los Esclavos",-90.2783,14.2528,"Ene",31.9908602150538
"Los Esclavos",-90.2783,14.2528,"Feb",32.6039983579639
"Los Esclavos",-90.2783,14.2528,"Mar",33.0549462365591
"Los Esclavos",-90.2783,14.2528,"Abr",33.0656666666667
"Los Esclavos",-90.2783,14.2528,"May",31.1967741935484
"Los Esclavos",-90.2783,14.2528,"Jun",29.7752222222222
"Los Esclavos",-90.2783,14.2528,"Jul",30.6569892473118
"Los Esclavos",-90.2783,14.2528,"Ago",30.4267741935484
"Los Esclavos",-90.2783,14.2528,"Sep",29.2894444444444
"Los Esclavos",-90.2783,14.2528,"Oct",29.6029032258065
"Los Esclavos",-90.2783,14.2528,"Nov",31.1848888888889
"Los Esclavos",-90.2783,14.2528,"Dic",31.781935483871
"Sacapulas",-91.092058,15.290429,"Ene",29.1910752688172
"Sacapulas",-91.092058,15.290429,"Feb",30.5797947454844
"Sacapulas",-91.092058,15.290429,"Mar",32.2290322580645
"Sacapulas",-91.092058,15.290429,"Abr",33.3406666666667
"Sacapulas",-91.092058,15.290429,"May",32.2975268817204
"Sacapulas",-91.092058,15.290429,"Jun",30.2347777777778
"Sacapulas",-91.092058,15.290429,"Jul",29.837311827957
"Sacapulas",-91.092058,15.290429,"Ago",30.5782795698925
"Sacapulas",-91.092058,15.290429,"Sep",30.1264444444444
"Sacapulas",-91.092058,15.290429,"Oct",29.322688172043
"Sacapulas",-91.092058,15.290429,"Nov",28.6241111111111
"Sacapulas",-91.092058,15.290429,"Dic",28.7894623655914
"San Martin Jilotepeque",-90.792558,14.777474,"Ene",22.6538709677419
"San Martin Jilotepeque",-90.792558,14.777474,"Feb",24.1415763546798
"San Martin Jilotepeque",-90.792558,14.777474,"Mar",25.8349462365591
"San Martin Jilotepeque",-90.792558,14.777474,"Abr",26.8022222222222
"San Martin Jilotepeque",-90.792558,14.777474,"May",25.659247311828
"San Martin Jilotepeque",-90.792558,14.777474,"Jun",24.1581111111111
"San Martin Jilotepeque",-90.792558,14.777474,"Jul",23.8138709677419
"San Martin Jilotepeque",-90.792558,14.777474,"Ago",23.9655913978495
"San Martin Jilotepeque",-90.792558,14.777474,"Sep",23.737
"San Martin Jilotepeque",-90.792558,14.777474,"Oct",23.0579569892473
"San Martin Jilotepeque",-90.792558,14.777474,"Nov",22.3724444444444
"San Martin Jilotepeque",-90.792558,14.777474,"Dic",22.3881720430108
"Santa Cruz Balanya",-90.918504,14.683227,"Ene",21.4810752688172
"Santa Cruz Balanya",-90.918504,14.683227,"Feb",22.7264860426929
"Santa Cruz Balanya",-90.918504,14.683227,"Mar",23.8569892473118
"Santa Cruz Balanya",-90.918504,14.683227,"Abr",24.6681111111111
"Santa Cruz Balanya",-90.918504,14.683227,"May",23.5822580645161
"Santa Cruz Balanya",-90.918504,14.683227,"Jun",22.1835555555556
"Santa Cruz Balanya",-90.918504,14.683227,"Jul",22.1244086021505
"Santa Cruz Balanya",-90.918504,14.683227,"Ago",22.6447311827957
"Santa Cruz Balanya",-90.918504,14.683227,"Sep",22.574
"Santa Cruz Balanya",-90.918504,14.683227,"Oct",22.0456989247312
"Santa Cruz Balanya",-90.918504,14.683227,"Nov",21.4195555555556
"Santa Cruz Balanya",-90.918504,14.683227,"Dic",21.5425806451613
"Santiago Atitlan",-91.232526,14.630858,"Ene",25.1541935483871
"Santiago Atitlan",-91.232526,14.630858,"Feb",25.5619909688013
"Santiago Atitlan",-91.232526,14.630858,"Mar",25.8951612903226
"Santiago Atitlan",-91.232526,14.630858,"Abr",26.143
"Santiago Atitlan",-91.232526,14.630858,"May",25.3839784946237
"Santiago Atitlan",-91.232526,14.630858,"Jun",24.8411111111111
"Santiago Atitlan",-91.232526,14.630858,"Jul",25.8523655913978
"Santiago Atitlan",-91.232526,14.630858,"Ago",25.5994623655914
"Santiago Atitlan",-91.232526,14.630858,"Sep",24.7353333333333
"Santiago Atitlan",-91.232526,14.630858,"Oct",24.7648387096774
"Santiago Atitlan",-91.232526,14.630858,"Nov",25.1307777777778
"Santiago Atitlan",-91.232526,14.630858,"Dic",25.1713978494624
"Suiza Contenta",-90.659128,14.618572,"Ene",21.4463440860215
"Suiza Contenta",-90.659128,14.618572,"Feb",22.3462602627258
"Suiza Contenta",-90.659128,14.618572,"Mar",23.4915053763441
"Suiza Contenta",-90.659128,14.618572,"Abr",24.4574444444444
"Suiza Contenta",-90.659128,14.618572,"May",23.6279569892473
"Suiza Contenta",-90.659128,14.618572,"Jun",22.6083333333333
"Suiza Contenta",-90.659128,14.618572,"Jul",22.6987096774194
"Suiza Contenta",-90.659128,14.618572,"Ago",22.8764516129032
"Suiza Contenta",-90.659128,14.618572,"Sep",22.6438888888889
"Suiza Contenta",-90.659128,14.618572,"Oct",22.0098924731183
"Suiza Contenta",-90.659128,14.618572,"Nov",21.4915555555556
"Suiza Contenta",-90.659128,14.618572,"Dic",21.6236559139785
"Chinique",-91.019608,15.04675,"Ene",22.2198924731183
"Chinique",-91.019608,15.04675,"Feb",23.4637725779967
"Chinique",-91.019608,15.04675,"Mar",24.7721505376344
"Chinique",-91.019608,15.04675,"Abr",25.4713333333333
"Chinique",-91.019608,15.04675,"May",24.3803225806452
"Chinique",-91.019608,15.04675,"Jun",23.0704444444444
"Chinique",-91.019608,15.04675,"Jul",22.8847311827957
"Chinique",-91.019608,15.04675,"Ago",23.1937634408602
"Chinique",-91.019608,15.04675,"Sep",23.0714444444444
"Chinique",-91.019608,15.04675,"Oct",22.4966666666667
"Chinique",-91.019608,15.04675,"Nov",21.9695555555556
"Chinique",-91.019608,15.04675,"Dic",21.9982795698925
"Catarina",-92.0772222,14.8555556,"Ene",33.47
"Catarina",-92.0772222,14.8555556,"Feb",34.493275862069
"Catarina",-92.0772222,14.8555556,"Mar",34.9050537634409
"Catarina",-92.0772222,14.8555556,"Abr",34.9158888888889
"Catarina",-92.0772222,14.8555556,"May",33.798064516129
"Catarina",-92.0772222,14.8555556,"Jun",32.746
"Catarina",-92.0772222,14.8555556,"Jul",33.1048387096774
"Catarina",-92.0772222,14.8555556,"Ago",33.1954838709677
"Catarina",-92.0772222,14.8555556,"Sep",32.7402222222222
"Catarina",-92.0772222,14.8555556,"Oct",32.5062365591398
"Catarina",-92.0772222,14.8555556,"Nov",32.8654444444444
"Catarina",-92.0772222,14.8555556,"Dic",32.9258064516129
"Retalhuleu",-91.69407,14.52486,"Ene",34.2521505376344
"Retalhuleu",-91.69407,14.52486,"Feb",34.6987192118227
"Retalhuleu",-91.69407,14.52486,"Mar",35.1449462365591
"Retalhuleu",-91.69407,14.52486,"Abr",35.4136666666667
"Retalhuleu",-91.69407,14.52486,"May",34.0247311827957
"Retalhuleu",-91.69407,14.52486,"Jun",32.8621111111111
"Retalhuleu",-91.69407,14.52486,"Jul",33.3010752688172
"Retalhuleu",-91.69407,14.52486,"Ago",33.4576344086022
"Retalhuleu",-91.69407,14.52486,"Sep",32.6804444444444
"Retalhuleu",-91.69407,14.52486,"Oct",32.500752688172
"Retalhuleu",-91.69407,14.52486,"Nov",33.3931111111111
"Retalhuleu",-91.69407,14.52486,"Dic",33.9979569892473
"Sabana Grande",-90.830533,14.373773,"Ene",30.5122580645161
"Sabana Grande",-90.830533,14.373773,"Feb",31.0464326765189
"Sabana Grande",-90.830533,14.373773,"Mar",31.2766666666667
"Sabana Grande",-90.830533,14.373773,"Abr",31.1611111111111
"Sabana Grande",-90.830533,14.373773,"May",29.9458064516129
"Sabana Grande",-90.830533,14.373773,"Jun",29.2608888888889
"Sabana Grande",-90.830533,14.373773,"Jul",29.8872043010753
"Sabana Grande",-90.830533,14.373773,"Ago",29.6733333333333
"Sabana Grande",-90.830533,14.373773,"Sep",28.8734444444444
"Sabana Grande",-90.830533,14.373773,"Oct",28.9429032258065
"Sabana Grande",-90.830533,14.373773,"Nov",29.8714444444444
"Sabana Grande",-90.830533,14.373773,"Dic",30.185376344086
"Las Vegas",-88.944686,15.585416,"Ene",29.537311827957
"Las Vegas",-88.944686,15.585416,"Feb",30.9275328407225
"Las Vegas",-88.944686,15.585416,"Mar",32.6032258064516
"Las Vegas",-88.944686,15.585416,"Abr",34.1291111111111
"Las Vegas",-88.944686,15.585416,"May",34.39
"Las Vegas",-88.944686,15.585416,"Jun",33.9855555555556
"Las Vegas",-88.944686,15.585416,"Jul",32.9795698924731
"Las Vegas",-88.944686,15.585416,"Ago",33.5438709677419
"Las Vegas",-88.944686,15.585416,"Sep",33.8134444444444
"Las Vegas",-88.944686,15.585416,"Oct",32.4076344086021
"Las Vegas",-88.944686,15.585416,"Nov",30.1342222222222
"Las Vegas",-88.944686,15.585416,"Dic",29.6366666666667
"Puerto Barrios",-88.584395,15.730161,"Ene",27.615376344086
"Puerto Barrios",-88.584395,15.730161,"Feb",28.8211330049261
"Puerto Barrios",-88.584395,15.730161,"Mar",30.2305376344086
"Puerto Barrios",-88.584395,15.730161,"Abr",31.9251111111111
"Puerto Barrios",-88.584395,15.730161,"May",32.3791397849462
"Puerto Barrios",-88.584395,15.730161,"Jun",32.3365555555556
"Puerto Barrios",-88.584395,15.730161,"Jul",31.7078494623656
"Puerto Barrios",-88.584395,15.730161,"Ago",31.9095698924731
"Puerto Barrios",-88.584395,15.730161,"Sep",32.087
"Puerto Barrios",-88.584395,15.730161,"Oct",30.8662365591398
"Puerto Barrios",-88.584395,15.730161,"Nov",28.7877777777778
"Puerto Barrios",-88.584395,15.730161,"Dic",27.8036559139785
"Santa Maria Cahabon",-89.8105556,15.6083333,"Ene",29.9309677419355
"Santa Maria Cahabon",-89.8105556,15.6083333,"Feb",31.101855500821
"Santa Maria Cahabon",-89.8105556,15.6083333,"Mar",32.64
"Santa Maria Cahabon",-89.8105556,15.6083333,"Abr",34.6225555555556
"Santa Maria Cahabon",-89.8105556,15.6083333,"May",34.4565591397849
"Santa Maria Cahabon",-89.8105556,15.6083333,"Jun",33.4722222222222
"Santa Maria Cahabon",-89.8105556,15.6083333,"Jul",32.6521505376344
"Santa Maria Cahabon",-89.8105556,15.6083333,"Ago",33.1055913978495
"Santa Maria Cahabon",-89.8105556,15.6083333,"Sep",33.0996666666667
"Santa Maria Cahabon",-89.8105556,15.6083333,"Oct",31.8684946236559
"Santa Maria Cahabon",-89.8105556,15.6083333,"Nov",30.5462222222222
"Santa Maria Cahabon",-89.8105556,15.6083333,"Dic",30.1136559139785
"Coban",-90.405518,15.46992,"Ene",22.2406451612903
"Coban",-90.405518,15.46992,"Feb",23.8795155993432
"Coban",-90.405518,15.46992,"Mar",25.6794623655914
"Coban",-90.405518,15.46992,"Abr",27.7784444444444
"Coban",-90.405518,15.46992,"May",27.7994623655914
"Coban",-90.405518,15.46992,"Jun",27.5452222222222
"Coban",-90.405518,15.46992,"Jul",26.5247311827957
"Coban",-90.405518,15.46992,"Ago",26.9604301075269
"Coban",-90.405518,15.46992,"Sep",27.053
"Coban",-90.405518,15.46992,"Oct",24.9477419354839
"Coban",-90.405518,15.46992,"Nov",22.7335555555556
"Coban",-90.405518,15.46992,"Dic",22.3851612903226
"Panzos",-89.6439,15.3972,"Ene",30.6330107526882
"Panzos",-89.6439,15.3972,"Feb",32.1258538587849
"Panzos",-89.6439,15.3972,"Mar",33.4934408602151
"Panzos",-89.6439,15.3972,"Abr",35.0841111111111
"Panzos",-89.6439,15.3972,"May",34.8362365591398
"Panzos",-89.6439,15.3972,"Jun",34.1956666666667
"Panzos",-89.6439,15.3972,"Jul",33.5062365591398
"Panzos",-89.6439,15.3972,"Ago",33.7750537634409
"Panzos",-89.6439,15.3972,"Sep",33.3744444444444
"Panzos",-89.6439,15.3972,"Oct",32.4975268817204
"Panzos",-89.6439,15.3972,"Nov",31.0666666666667
"Panzos",-89.6439,15.3972,"Dic",30.8194623655914
"Nebaj",-91.142084,15.399247,"Ene",21.0551612903226
"Nebaj",-91.142084,15.399247,"Feb",22.3759441707718
"Nebaj",-91.142084,15.399247,"Mar",24.295376344086
"Nebaj",-91.142084,15.399247,"Abr",25.8495555555556
"Nebaj",-91.142084,15.399247,"May",25.2598924731183
"Nebaj",-91.142084,15.399247,"Jun",24.134
"Nebaj",-91.142084,15.399247,"Jul",23.2452688172043
"Nebaj",-91.142084,15.399247,"Ago",23.4830107526882
"Nebaj",-91.142084,15.399247,"Sep",23.4758888888889
"Nebaj",-91.142084,15.399247,"Oct",22.3567741935484
"Nebaj",-91.142084,15.399247,"Nov",20.9191111111111
"Nebaj",-91.142084,15.399247,"Dic",20.9549462365591
"Flores",-89.86686,16.916093,"Ene",28.9651612903226
"Flores",-89.86686,16.916093,"Feb",31.1297126436782
"Flores",-89.86686,16.916093,"Mar",33.4990322580645
"Flores",-89.86686,16.916093,"Abr",35.8557777777778
"Flores",-89.86686,16.916093,"May",35.9509677419355
"Flores",-89.86686,16.916093,"Jun",34.304
"Flores",-89.86686,16.916093,"Jul",33.7775268817204
"Flores",-89.86686,16.916093,"Ago",33.7564516129032
"Flores",-89.86686,16.916093,"Sep",33.3065555555556
"Flores",-89.86686,16.916093,"Oct",31.7588172043011
"Flores",-89.86686,16.916093,"Nov",30.0245555555556
"Flores",-89.86686,16.916093,"Dic",29.2495698924731
"Huehuetenango",-91.502403,15.31828,"Ene",24.8744086021505
"Huehuetenango",-91.502403,15.31828,"Feb",26.5570853858785
"Huehuetenango",-91.502403,15.31828,"Mar",28.1645161290323
"Huehuetenango",-91.502403,15.31828,"Abr",28.836
"Huehuetenango",-91.502403,15.31828,"May",27.4490322580645
"Huehuetenango",-91.502403,15.31828,"Jun",25.7411111111111
"Huehuetenango",-91.502403,15.31828,"Jul",25.3431182795699
"Huehuetenango",-91.502403,15.31828,"Ago",25.9164516129032
"Huehuetenango",-91.502403,15.31828,"Sep",25.4946666666667
"Huehuetenango",-91.502403,15.31828,"Oct",24.7498924731183
"Huehuetenango",-91.502403,15.31828,"Nov",24.1066666666667
"Huehuetenango",-91.502403,15.31828,"Dic",24.37
"Labor Ovalle",-91.514438,14.871334,"Ene",21.9335483870968
"Labor Ovalle",-91.514438,14.871334,"Feb",23.093132183908
"Labor Ovalle",-91.514438,14.871334,"Mar",23.6374193548387
"Labor Ovalle",-91.514438,14.871334,"Abr",24.0684444444444
"Labor Ovalle",-91.514438,14.871334,"May",22.8966666666667
"Labor Ovalle",-91.514438,14.871334,"Jun",21.7044444444444
"Labor Ovalle",-91.514438,14.871334,"Jul",21.974623655914
"Labor Ovalle",-91.514438,14.871334,"Ago",22.082688172043
"Labor Ovalle",-91.514438,14.871334,"Sep",21.5495555555556
"Labor Ovalle",-91.514438,14.871334,"Oct",21.5045161290323
"Labor Ovalle",-91.514438,14.871334,"Nov",21.5995555555556
"Labor Ovalle",-91.514438,14.871334,"Dic",21.7352688172043
"San Marcos",-91.82333,14.96715,"Ene",20.0975268817204
"San Marcos",-91.82333,14.96715,"Feb",20.3132060755337
"San Marcos",-91.82333,14.96715,"Mar",20.7288172043011
"San Marcos",-91.82333,14.96715,"Abr",20.9723333333333
"San Marcos",-91.82333,14.96715,"May",20.3074193548387
"San Marcos",-91.82333,14.96715,"Jun",19.7293333333333
"San Marcos",-91.82333,14.96715,"Jul",20.3645161290323
"San Marcos",-91.82333,14.96715,"Ago",20.371935483871
"San Marcos",-91.82333,14.96715,"Sep",19.691
"San Marcos",-91.82333,14.96715,"Oct",19.8669892473118
"San Marcos",-91.82333,14.96715,"Nov",20.0148888888889
"San Marcos",-91.82333,14.96715,"Dic",19.8582795698925
"San Pedro Necta",-91.76247,15.49467,"Ene",23.5504301075269
"San Pedro Necta",-91.76247,15.49467,"Feb",25.5603899835796
"San Pedro Necta",-91.76247,15.49467,"Mar",27.2405376344086
"San Pedro Necta",-91.76247,15.49467,"Abr",28.3044444444444
"San Pedro Necta",-91.76247,15.49467,"May",26.9013978494624
"San Pedro Necta",-91.76247,15.49467,"Jun",24.7771111111111
"San Pedro Necta",-91.76247,15.49467,"Jul",24.9729032258065
"San Pedro Necta",-91.76247,15.49467,"Ago",25.4564516129032
"San Pedro Necta",-91.76247,15.49467,"Sep",25.0317777777778
"San Pedro Necta",-91.76247,15.49467,"Oct",24.0458064516129
"San Pedro Necta",-91.76247,15.49467,"Nov",23.1191111111111
"San Pedro Necta",-91.76247,15.49467,"Dic",23.2302150537634
"Todos Santos",-91.6003111,15.5080222,"Ene",17.1650537634409
"Todos Santos",-91.6003111,15.5080222,"Feb",18.1878407224959
"Todos Santos",-91.6003111,15.5080222,"Mar",19.2376344086022
"Todos Santos",-91.6003111,15.5080222,"Abr",19.9538888888889
"Todos Santos",-91.6003111,15.5080222,"May",19.1658064516129
"Todos Santos",-91.6003111,15.5080222,"Jun",18.5937777777778
"Todos Santos",-91.6003111,15.5080222,"Jul",18.6929032258065
"Todos Santos",-91.6003111,15.5080222,"Ago",18.6727956989247
"Todos Santos",-91.6003111,15.5080222,"Sep",18.1894444444444
"Todos Santos",-91.6003111,15.5080222,"Oct",17.6911827956989
"Todos Santos",-91.6003111,15.5080222,"Nov",17.1506666666667
"Todos Santos",-91.6003111,15.5080222,"Dic",17.2123655913978
"Puerto San Jose",-90.835264,13.936665,"Ene",32.7476344086022
"Puerto San Jose",-90.835264,13.936665,"Feb",33.3674055829228
"Puerto San Jose",-90.835264,13.936665,"Mar",34.2330107526882
"Puerto San Jose",-90.835264,13.936665,"Abr",34.6735555555556
"Puerto San Jose",-90.835264,13.936665,"May",33.7075268817204
"Puerto San Jose",-90.835264,13.936665,"Jun",32.7044444444444
"Puerto San Jose",-90.835264,13.936665,"Jul",33.0521505376344
"Puerto San Jose",-90.835264,13.936665,"Ago",32.9645161290323
"Puerto San Jose",-90.835264,13.936665,"Sep",32.1988888888889
"Puerto San Jose",-90.835264,13.936665,"Oct",31.9682795698925
"Puerto San Jose",-90.835264,13.936665,"Nov",32.4322222222222
"Puerto San Jose",-90.835264,13.936665,"Dic",32.5410752688172
"Montufar",-90.15446,13.80853,"Ene",34.3008602150538
"Montufar",-90.15446,13.80853,"Feb",34.6195689655172
"Montufar",-90.15446,13.80853,"Mar",35.0689247311828
"Montufar",-90.15446,13.80853,"Abr",35.2037777777778
"Montufar",-90.15446,13.80853,"May",34.1333333333333
"Montufar",-90.15446,13.80853,"Jun",33.3025555555556
"Montufar",-90.15446,13.80853,"Jul",33.6078494623656
"Montufar",-90.15446,13.80853,"Ago",33.5688172043011
"Montufar",-90.15446,13.80853,"Sep",32.7815555555556
"Montufar",-90.15446,13.80853,"Oct",32.7618279569893
"Montufar",-90.15446,13.80853,"Nov",33.7773333333333
"Montufar",-90.15446,13.80853,"Dic",34.2797849462366
"Camotan",-89.3727778,14.8205556,"Ene",30.2102150537634
"Camotan",-89.3727778,14.8205556,"Feb",32.1563957307061
"Camotan",-89.3727778,14.8205556,"Mar",34.0565591397849
"Camotan",-89.3727778,14.8205556,"Abr",35.9791111111111
"Camotan",-89.3727778,14.8205556,"May",35.3769892473118
"Camotan",-89.3727778,14.8205556,"Jun",33.6543333333333
"Camotan",-89.3727778,14.8205556,"Jul",32.8075268817204
"Camotan",-89.3727778,14.8205556,"Ago",33.4406451612903
"Camotan",-89.3727778,14.8205556,"Sep",32.7988888888889
"Camotan",-89.3727778,14.8205556,"Oct",31.3941935483871
"Camotan",-89.3727778,14.8205556,"Nov",29.8528888888889
"Camotan",-89.3727778,14.8205556,"Dic",29.7769892473118
"Esquipulas",-89.341459,14.559694,"Ene",25.0935483870968
"Esquipulas",-89.341459,14.559694,"Feb",27.4474548440066
"Esquipulas",-89.341459,14.559694,"Mar",29.3855913978495
"Esquipulas",-89.341459,14.559694,"Abr",30.8686666666667
"Esquipulas",-89.341459,14.559694,"May",30.4179569892473
"Esquipulas",-89.341459,14.559694,"Jun",29.1337777777778
"Esquipulas",-89.341459,14.559694,"Jul",28.5310752688172
"Esquipulas",-89.341459,14.559694,"Ago",28.8469892473118
"Esquipulas",-89.341459,14.559694,"Sep",28.6324444444444
"Esquipulas",-89.341459,14.559694,"Oct",26.9351612903226
"Esquipulas",-89.341459,14.559694,"Nov",24.9858888888889
"Esquipulas",-89.341459,14.559694,"Dic",24.7147311827957
"Potrero Carrillo",-89.930747,14.759709,"Ene",20.281935483871
"Potrero Carrillo",-89.930747,14.759709,"Feb",21.5561904761905
"Potrero Carrillo",-89.930747,14.759709,"Mar",23.0190322580645
"Potrero Carrillo",-89.930747,14.759709,"Abr",24.4704444444444
"Potrero Carrillo",-89.930747,14.759709,"May",23.7823655913978
"Potrero Carrillo",-89.930747,14.759709,"Jun",22.6227777777778
"Potrero Carrillo",-89.930747,14.759709,"Jul",21.8906451612903
"Potrero Carrillo",-89.930747,14.759709,"Ago",22.3995698924731
"Potrero Carrillo",-89.930747,14.759709,"Sep",22.4055555555556
"Potrero Carrillo",-89.930747,14.759709,"Oct",21.5459139784946
"Potrero Carrillo",-89.930747,14.759709,"Nov",20.3603333333333
"Potrero Carrillo",-89.930747,14.759709,"Dic",20.2815053763441
"La Ceibita",-89.878944,14.494509,"Ene",28.3112903225806
"La Ceibita",-89.878944,14.494509,"Feb",29.8232512315271
"La Ceibita",-89.878944,14.494509,"Mar",30.9370967741935
"La Ceibita",-89.878944,14.494509,"Abr",32.0241111111111
"La Ceibita",-89.878944,14.494509,"May",31.2837634408602
"La Ceibita",-89.878944,14.494509,"Jun",29.5547777777778
"La Ceibita",-89.878944,14.494509,"Jul",29.2368817204301
"La Ceibita",-89.878944,14.494509,"Ago",29.5733333333333
"La Ceibita",-89.878944,14.494509,"Sep",29.0601111111111
"La Ceibita",-89.878944,14.494509,"Oct",28.3644086021505
"La Ceibita",-89.878944,14.494509,"Nov",27.9598888888889
"La Ceibita",-89.878944,14.494509,"Dic",27.7575268817204
"La Fragua",-89.58437,14.96553,"Ene",32.0831182795699
"La Fragua",-89.58437,14.96553,"Feb",33.7894663382594
"La Fragua",-89.58437,14.96553,"Mar",35.4501075268817
"La Fragua",-89.58437,14.96553,"Abr",37.2206666666667
"La Fragua",-89.58437,14.96553,"May",36.6084946236559
"La Fragua",-89.58437,14.96553,"Jun",34.7643333333333
"La Fragua",-89.58437,14.96553,"Jul",33.927311827957
"La Fragua",-89.58437,14.96553,"Ago",34.7717204301075
"La Fragua",-89.58437,14.96553,"Sep",34.3088888888889
"La Fragua",-89.58437,14.96553,"Oct",33.0862365591398
"La Fragua",-89.58437,14.96553,"Nov",32.0676666666667
"La Fragua",-89.58437,14.96553,"Dic",31.8060215053763
"La Union",-89.2911111,14.9633333,"Ene",23.6022580645161
"La Union",-89.2911111,14.9633333,"Feb",25.4452134646962
"La Union",-89.2911111,14.9633333,"Mar",27.6863440860215
"La Union",-89.2911111,14.9633333,"Abr",30.0583333333333
"La Union",-89.2911111,14.9633333,"May",29.8166666666667
"La Union",-89.2911111,14.9633333,"Jun",28.7603333333333
"La Union",-89.2911111,14.9633333,"Jul",27.2910752688172
"La Union",-89.2911111,14.9633333,"Ago",27.8431182795699
"La Union",-89.2911111,14.9633333,"Sep",28.0534444444444
"La Union",-89.2911111,14.9633333,"Oct",26.6054838709677
"La Union",-89.2911111,14.9633333,"Nov",24.3521111111111
"La Union",-89.2911111,14.9633333,"Dic",23.905376344086
"Pasabien",-89.68,15.03,"Ene",31.4715053763441
"Pasabien",-89.68,15.03,"Feb",32.9125082101806
"Pasabien",-89.68,15.03,"Mar",34.7118279569892
"Pasabien",-89.68,15.03,"Abr",36.2408888888889
"Pasabien",-89.68,15.03,"May",35.6940860215054
"Pasabien",-89.68,15.03,"Jun",34.5218888888889
"Pasabien",-89.68,15.03,"Jul",33.9284946236559
"Pasabien",-89.68,15.03,"Ago",34.4054838709677
"Pasabien",-89.68,15.03,"Sep",34.0192222222222
"Pasabien",-89.68,15.03,"Oct",32.4476344086021
"Pasabien",-89.68,15.03,"Nov",31.2728888888889
"Pasabien",-89.68,15.03,"Dic",31.1382795698925
"Asuncion Mita",-89.705892,14.335447,"Ene",32.6636559139785
"Asuncion Mita",-89.705892,14.335447,"Feb",34.1385016420361
"Asuncion Mita",-89.705892,14.335447,"Mar",35.3895698924731
"Asuncion Mita",-89.705892,14.335447,"Abr",36.2788888888889
"Asuncion Mita",-89.705892,14.335447,"May",34.7866666666667
"Asuncion Mita",-89.705892,14.335447,"Jun",33.1335555555556
"Asuncion Mita",-89.705892,14.335447,"Jul",33.5248387096774
"Asuncion Mita",-89.705892,14.335447,"Ago",33.557311827957
"Asuncion Mita",-89.705892,14.335447,"Sep",32.7343333333333
"Asuncion Mita",-89.705892,14.335447,"Oct",32.3105376344086
"Asuncion Mita",-89.705892,14.335447,"Nov",32.1458888888889
"Asuncion Mita",-89.705892,14.335447,"Dic",32.4131182795699
"Quesada",-90.036177,14.232852,"Ene",29.4998924731183
"Quesada",-90.036177,14.232852,"Feb",30.3678981937603
"Quesada",-90.036177,14.232852,"Mar",30.9231182795699
"Quesada",-90.036177,14.232852,"Abr",31.4628888888889
"Quesada",-90.036177,14.232852,"May",30.1516129032258
"Quesada",-90.036177,14.232852,"Jun",28.8645555555556
"Quesada",-90.036177,14.232852,"Jul",29.559247311828
"Quesada",-90.036177,14.232852,"Ago",29.5123655913978
"Quesada",-90.036177,14.232852,"Sep",28.7381111111111
"Quesada",-90.036177,14.232852,"Oct",28.4032258064516
"Quesada",-90.036177,14.232852,"Nov",29.0162222222222
"Quesada",-90.036177,14.232852,"Dic",29.2441935483871
"Cuilco",-91.953,15.406,"Ene",30.7058064516129
"Cuilco",-91.953,15.406,"Feb",31.9670361247947
"Cuilco",-91.953,15.406,"Mar",33.2158064516129
"Cuilco",-91.953,15.406,"Abr",34.0534444444444
"Cuilco",-91.953,15.406,"May",32.8151612903226
"Cuilco",-91.953,15.406,"Jun",30.6994444444444
"Cuilco",-91.953,15.406,"Jul",31.175376344086
"Cuilco",-91.953,15.406,"Ago",30.8379569892473
"Cuilco",-91.953,15.406,"Sep",30.1532222222222
"Cuilco",-91.953,15.406,"Oct",29.955376344086
"Cuilco",-91.953,15.406,"Nov",30.3091111111111
"Cuilco",-91.953,15.406,"Dic",30.3991397849462
"1",-90.7291666666667,16.9375,"Abr",34.1245
"1",-90.7291666666667,16.9375,"Ago",32.4315
"1",-90.7291666666667,16.9375,"Dic",28.39175
"1",-90.7291666666667,16.9375,"Ene",28.258
"1",-90.7291666666667,16.9375,"Feb",30.15575
"1",-90.7291666666667,16.9375,"Jul",32.24625
"1",-90.7291666666667,16.9375,"Jun",33.15875
"1",-90.7291666666667,16.9375,"Mar",32.121
"1",-90.7291666666667,16.9375,"May",34.43025
"1",-90.7291666666667,16.9375,"Nov",29.6705
"1",-90.7291666666667,16.9375,"Oct",30.71775
"1",-90.7291666666667,16.9375,"Sep",31.93975
"10",-90.4375,17.7708333333333,"Abr",34.55
"10",-90.4375,17.7708333333333,"Ago",32.98425
"10",-90.4375,17.7708333333333,"Dic",28.54475
"10",-90.4375,17.7708333333333,"Ene",28.4825
"10",-90.4375,17.7708333333333,"Feb",30.35175
"10",-90.4375,17.7708333333333,"Jul",32.85775
"10",-90.4375,17.7708333333333,"Jun",33.63075
"10",-90.4375,17.7708333333333,"Mar",32.27625
"10",-90.4375,17.7708333333333,"May",34.97
"10",-90.4375,17.7708333333333,"Nov",29.8105
"10",-90.4375,17.7708333333333,"Oct",31.11725
"10",-90.4375,17.7708333333333,"Sep",32.3265
"11",-89.1875,15.6875,"Abr",30.22525
"11",-89.1875,15.6875,"Ago",29.102
"11",-89.1875,15.6875,"Dic",25.48325
"11",-89.1875,15.6875,"Ene",25.53425
"11",-89.1875,15.6875,"Feb",27.09775
"11",-89.1875,15.6875,"Jul",28.87325
"11",-89.1875,15.6875,"Jun",29.64375
"11",-89.1875,15.6875,"Mar",28.79725
"11",-89.1875,15.6875,"May",30.24675
"11",-89.1875,15.6875,"Nov",26.143
"11",-89.1875,15.6875,"Oct",27.729
"11",-89.1875,15.6875,"Sep",29.044
"12",-91.2708333333333,15.4375,"Abr",19.479
"12",-91.2708333333333,15.4375,"Ago",17.58275
"12",-91.2708333333333,15.4375,"Dic",15.41025
"12",-91.2708333333333,15.4375,"Ene",15.85125
"12",-91.2708333333333,15.4375,"Feb",16.57375
"12",-91.2708333333333,15.4375,"Jul",17.097
"12",-91.2708333333333,15.4375,"Jun",16.975
"12",-91.2708333333333,15.4375,"Mar",18.35575
"12",-91.2708333333333,15.4375,"May",18.33525
"12",-91.2708333333333,15.4375,"Nov",15.68075
"12",-91.2708333333333,15.4375,"Oct",15.49725
"12",-91.2708333333333,15.4375,"Sep",16.60975
"13",-91.8541666666667,15.7708333333333,"Abr",34.86875
"13",-91.8541666666667,15.7708333333333,"Ago",31.22225
"13",-91.8541666666667,15.7708333333333,"Dic",29.46425
"13",-91.8541666666667,15.7708333333333,"Ene",30.13125
"13",-91.8541666666667,15.7708333333333,"Feb",31.42775
"13",-91.8541666666667,15.7708333333333,"Jul",31.22975
"13",-91.8541666666667,15.7708333333333,"Jun",31.95325
"13",-91.8541666666667,15.7708333333333,"Mar",33.871
"13",-91.8541666666667,15.7708333333333,"May",34.4505
"13",-91.8541666666667,15.7708333333333,"Nov",29.75375
"13",-91.8541666666667,15.7708333333333,"Oct",29.6395
"13",-91.8541666666667,15.7708333333333,"Sep",30.47925
"14",-90.9375,15.0208333333333,"Abr",26.2945
"14",-90.9375,15.0208333333333,"Ago",24.81525
"14",-90.9375,15.0208333333333,"Dic",22.97825
"14",-90.9375,15.0208333333333,"Ene",22.931
"14",-90.9375,15.0208333333333,"Feb",24.531
"14",-90.9375,15.0208333333333,"Jul",24.551
"14",-90.9375,15.0208333333333,"Jun",24.356
"14",-90.9375,15.0208333333333,"Mar",26.2305
"14",-90.9375,15.0208333333333,"May",25.64925
"14",-90.9375,15.0208333333333,"Nov",23.3025
"14",-90.9375,15.0208333333333,"Oct",23.6335
"14",-90.9375,15.0208333333333,"Sep",24.29375
"15",-89.6458333333333,16.9375,"Abr",31.9335
"15",-89.6458333333333,16.9375,"Ago",30.7875
"15",-89.6458333333333,16.9375,"Dic",27.674
"15",-89.6458333333333,16.9375,"Ene",27.0175
"15",-89.6458333333333,16.9375,"Feb",28.53525
"15",-89.6458333333333,16.9375,"Jul",30.64875
"15",-89.6458333333333,16.9375,"Jun",31.46
"15",-89.6458333333333,16.9375,"Mar",30.0725
"15",-89.6458333333333,16.9375,"May",32.426
"15",-89.6458333333333,16.9375,"Nov",28.3135
"15",-89.6458333333333,16.9375,"Oct",29.283
"15",-89.6458333333333,16.9375,"Sep",30.41975
"16",-91.0625,15.7708333333333,"Abr",32.87625
"16",-91.0625,15.7708333333333,"Ago",31.53325
"16",-91.0625,15.7708333333333,"Dic",28.743
"16",-91.0625,15.7708333333333,"Ene",28.81225
"16",-91.0625,15.7708333333333,"Feb",30.21225
"16",-91.0625,15.7708333333333,"Jul",31.201
"16",-91.0625,15.7708333333333,"Jun",31.72375
"16",-91.0625,15.7708333333333,"Mar",31.98575
"16",-91.0625,15.7708333333333,"May",32.89125
"16",-91.0625,15.7708333333333,"Nov",29.38875
"16",-91.0625,15.7708333333333,"Oct",29.8735
"16",-91.0625,15.7708333333333,"Sep",31.0715
"17",-89.9791666666667,15.5208333333333,"Abr",30.34725
"17",-89.9791666666667,15.5208333333333,"Ago",29.516
"17",-89.9791666666667,15.5208333333333,"Dic",26.288
"17",-89.9791666666667,15.5208333333333,"Ene",26.64425
"17",-89.9791666666667,15.5208333333333,"Feb",28.17875
"17",-89.9791666666667,15.5208333333333,"Jul",29.1585
"17",-89.9791666666667,15.5208333333333,"Jun",29.68275
"17",-89.9791666666667,15.5208333333333,"Mar",29.25775
"17",-89.9791666666667,15.5208333333333,"May",30.404
"17",-89.9791666666667,15.5208333333333,"Nov",26.88175
"17",-89.9791666666667,15.5208333333333,"Oct",28.2055
"17",-89.9791666666667,15.5208333333333,"Sep",29.1835
"18",-89.8958333333333,17.0625,"Abr",32.2985
"18",-89.8958333333333,17.0625,"Ago",31.21075
"18",-89.8958333333333,17.0625,"Dic",27.596
"18",-89.8958333333333,17.0625,"Ene",27.22625
"18",-89.8958333333333,17.0625,"Feb",28.80075
"18",-89.8958333333333,17.0625,"Jul",30.9995
"18",-89.8958333333333,17.0625,"Jun",31.77575
"18",-89.8958333333333,17.0625,"Mar",30.44575
"18",-89.8958333333333,17.0625,"May",32.8115
"18",-89.8958333333333,17.0625,"Nov",28.58025
"18",-89.8958333333333,17.0625,"Oct",29.6295
"18",-89.8958333333333,17.0625,"Sep",30.75125
"19",-91.3958333333333,14.6458333333333,"Abr",29.736
"19",-91.3958333333333,14.6458333333333,"Ago",29.356
"19",-91.3958333333333,14.6458333333333,"Dic",28.52625
"19",-91.3958333333333,14.6458333333333,"Ene",28.916
"19",-91.3958333333333,14.6458333333333,"Feb",29.4795
"19",-91.3958333333333,14.6458333333333,"Jul",29.271
"19",-91.3958333333333,14.6458333333333,"Jun",28.64275
"19",-91.3958333333333,14.6458333333333,"Mar",29.9145
"19",-91.3958333333333,14.6458333333333,"May",29.39075
"19",-91.3958333333333,14.6458333333333,"Nov",28.32725
"19",-91.3958333333333,14.6458333333333,"Oct",27.9275
"19",-91.3958333333333,14.6458333333333,"Sep",28.54075
"2",-89.8958333333333,14.8958333333333,"Abr",33.473
"2",-89.8958333333333,14.8958333333333,"Ago",31.369
"2",-89.8958333333333,14.8958333333333,"Dic",29.161
"2",-89.8958333333333,14.8958333333333,"Ene",29.94125
"2",-89.8958333333333,14.8958333333333,"Feb",31.384
"2",-89.8958333333333,14.8958333333333,"Jul",30.91575
"2",-89.8958333333333,14.8958333333333,"Jun",31.82925
"2",-89.8958333333333,14.8958333333333,"Mar",33.014
"2",-89.8958333333333,14.8958333333333,"May",32.8245
"2",-89.8958333333333,14.8958333333333,"Nov",29.89125
"2",-89.8958333333333,14.8958333333333,"Oct",30.479
"2",-89.8958333333333,14.8958333333333,"Sep",31.1295
"20",-90.2291666666667,15.4791666666667,"Abr",26.0195
"20",-90.2291666666667,15.4791666666667,"Ago",25.113
"20",-90.2291666666667,15.4791666666667,"Dic",22.84
"20",-90.2291666666667,15.4791666666667,"Ene",22.761
"20",-90.2291666666667,15.4791666666667,"Feb",24.10025
"20",-90.2291666666667,15.4791666666667,"Jul",24.53775
"20",-90.2291666666667,15.4791666666667,"Jun",25.173
"20",-90.2291666666667,15.4791666666667,"Mar",25.44675
"20",-90.2291666666667,15.4791666666667,"May",25.8925
"20",-90.2291666666667,15.4791666666667,"Nov",23.0805
"20",-90.2291666666667,15.4791666666667,"Oct",24.08975
"20",-90.2291666666667,15.4791666666667,"Sep",24.936
"21",-91.0208333333333,15.7708333333333,"Abr",33.46975
"21",-91.0208333333333,15.7708333333333,"Ago",32.20425
"21",-91.0208333333333,15.7708333333333,"Dic",29.3735
"21",-91.0208333333333,15.7708333333333,"Ene",29.491
"21",-91.0208333333333,15.7708333333333,"Feb",30.8885
"21",-91.0208333333333,15.7708333333333,"Jul",31.87175
"21",-91.0208333333333,15.7708333333333,"Jun",32.38025
"21",-91.0208333333333,15.7708333333333,"Mar",32.5695
"21",-91.0208333333333,15.7708333333333,"May",33.459
"21",-91.0208333333333,15.7708333333333,"Nov",30.0475
"21",-91.0208333333333,15.7708333333333,"Oct",30.58475
"21",-91.0208333333333,15.7708333333333,"Sep",31.69
"22",-89.1875,15.4791666666667,"Abr",33.5765
"22",-89.1875,15.4791666666667,"Ago",32.81675
"22",-89.1875,15.4791666666667,"Dic",29.33375
"22",-89.1875,15.4791666666667,"Ene",29.148
"22",-89.1875,15.4791666666667,"Feb",30.54475
"22",-89.1875,15.4791666666667,"Jul",32.358
"22",-89.1875,15.4791666666667,"Jun",33.33225
"22",-89.1875,15.4791666666667,"Mar",32.33475
"22",-89.1875,15.4791666666667,"May",33.52525
"22",-89.1875,15.4791666666667,"Nov",30.02375
"22",-89.1875,15.4791666666667,"Oct",31.55225
"22",-89.1875,15.4791666666667,"Sep",32.81075
"23",-89.3125,16.5208333333333,"Abr",29.68
"23",-89.3125,16.5208333333333,"Ago",28.35425
"23",-89.3125,16.5208333333333,"Dic",25.7815
"23",-89.3125,16.5208333333333,"Ene",25.135
"23",-89.3125,16.5208333333333,"Feb",26.64525
"23",-89.3125,16.5208333333333,"Jul",28.084
"23",-89.3125,16.5208333333333,"Jun",29.31475
"23",-89.3125,16.5208333333333,"Mar",27.64475
"23",-89.3125,16.5208333333333,"May",29.67225
"23",-89.3125,16.5208333333333,"Nov",26.12125
"23",-89.3125,16.5208333333333,"Oct",27.36675
"23",-89.3125,16.5208333333333,"Sep",28.29475
"24",-91.1041666666667,16.9791666666667,"Abr",33.15475
"24",-91.1041666666667,16.9791666666667,"Ago",32.51775
"24",-91.1041666666667,16.9791666666667,"Dic",28.2925
"24",-91.1041666666667,16.9791666666667,"Ene",28.1415
"24",-91.1041666666667,16.9791666666667,"Feb",29.85375
"24",-91.1041666666667,16.9791666666667,"Jul",31.9655
"24",-91.1041666666667,16.9791666666667,"Jun",32.72525
"24",-91.1041666666667,16.9791666666667,"Mar",31.54
"24",-91.1041666666667,16.9791666666667,"May",33.795
"24",-91.1041666666667,16.9791666666667,"Nov",29.5515
"24",-91.1041666666667,16.9791666666667,"Oct",30.57125
"24",-91.1041666666667,16.9791666666667,"Sep",31.91825
"25",-91.7708333333333,14.2708333333333,"Abr",36.21875
"25",-91.7708333333333,14.2708333333333,"Ago",34.01575
"25",-91.7708333333333,14.2708333333333,"Dic",33.77025
"25",-91.7708333333333,14.2708333333333,"Ene",35.1285
"25",-91.7708333333333,14.2708333333333,"Feb",35.40575
"25",-91.7708333333333,14.2708333333333,"Jul",33.856
"25",-91.7708333333333,14.2708333333333,"Jun",33.527
"25",-91.7708333333333,14.2708333333333,"Mar",36.12225
"25",-91.7708333333333,14.2708333333333,"May",34.96925
"25",-91.7708333333333,14.2708333333333,"Nov",33.848
"25",-91.7708333333333,14.2708333333333,"Oct",33.03075
"25",-91.7708333333333,14.2708333333333,"Sep",33.11825
"26",-89.2291666666667,17.0625,"Abr",31.27325
"26",-89.2291666666667,17.0625,"Ago",30.11775
"26",-89.2291666666667,17.0625,"Dic",27.37775
"26",-89.2291666666667,17.0625,"Ene",26.58675
"26",-89.2291666666667,17.0625,"Feb",27.94625
"26",-89.2291666666667,17.0625,"Jul",29.741
"26",-89.2291666666667,17.0625,"Jun",30.76475
"26",-89.2291666666667,17.0625,"Mar",29.21375
"26",-89.2291666666667,17.0625,"May",31.47075
"26",-89.2291666666667,17.0625,"Nov",27.4855
"26",-89.2291666666667,17.0625,"Oct",28.6645
"26",-89.2291666666667,17.0625,"Sep",29.71275
"27",-90.6041666666667,14.4791666666667,"Abr",27.90075
"27",-90.6041666666667,14.4791666666667,"Ago",26.682
"27",-90.6041666666667,14.4791666666667,"Dic",25.53425
"27",-90.6041666666667,14.4791666666667,"Ene",26.036
"27",-90.6041666666667,14.4791666666667,"Feb",27.1305
"27",-90.6041666666667,14.4791666666667,"Jul",26.56925
"27",-90.6041666666667,14.4791666666667,"Jun",26.09725
"27",-90.6041666666667,14.4791666666667,"Mar",27.97475
"27",-90.6041666666667,14.4791666666667,"May",27.386
"27",-90.6041666666667,14.4791666666667,"Nov",25.47325
"27",-90.6041666666667,14.4791666666667,"Oct",25.5675
"27",-90.6041666666667,14.4791666666667,"Sep",26.01375
"28",-90.8958333333333,17.6458333333333,"Abr",35.23775
"28",-90.8958333333333,17.6458333333333,"Ago",33.85675
"28",-90.8958333333333,17.6458333333333,"Dic",29.089
"28",-90.8958333333333,17.6458333333333,"Ene",28.849
"28",-90.8958333333333,17.6458333333333,"Feb",30.96725
"28",-90.8958333333333,17.6458333333333,"Jul",33.622
"28",-90.8958333333333,17.6458333333333,"Jun",34.54975
"28",-90.8958333333333,17.6458333333333,"Mar",32.97725
"28",-90.8958333333333,17.6458333333333,"May",36.0105
"28",-90.8958333333333,17.6458333333333,"Nov",30.46
"28",-90.8958333333333,17.6458333333333,"Oct",31.6945
"28",-90.8958333333333,17.6458333333333,"Sep",33.1225
"29",-90.4791666666667,17.2708333333333,"Abr",34.47325
"29",-90.4791666666667,17.2708333333333,"Ago",33.0935
"29",-90.4791666666667,17.2708333333333,"Dic",28.768
"29",-90.4791666666667,17.2708333333333,"Ene",28.64825
"29",-90.4791666666667,17.2708333333333,"Feb",30.51
"29",-90.4791666666667,17.2708333333333,"Jul",32.88875
"29",-90.4791666666667,17.2708333333333,"Jun",33.64575
"29",-90.4791666666667,17.2708333333333,"Mar",32.2525
"29",-90.4791666666667,17.2708333333333,"May",34.8595
"29",-90.4791666666667,17.2708333333333,"Nov",30.18675
"29",-90.4791666666667,17.2708333333333,"Oct",31.33125
"29",-90.4791666666667,17.2708333333333,"Sep",32.42125
"3",-89.9375,15.2708333333333,"Abr",32.69
"3",-89.9375,15.2708333333333,"Ago",31.314
"3",-89.9375,15.2708333333333,"Dic",28.2135
"3",-89.9375,15.2708333333333,"Ene",28.38575
"3",-89.9375,15.2708333333333,"Feb",30.14475
"3",-89.9375,15.2708333333333,"Jul",31.03725
"3",-89.9375,15.2708333333333,"Jun",31.574
"3",-89.9375,15.2708333333333,"Mar",31.653
"3",-89.9375,15.2708333333333,"May",32.413
"3",-89.9375,15.2708333333333,"Nov",28.786
"3",-89.9375,15.2708333333333,"Oct",29.90225
"3",-89.9375,15.2708333333333,"Sep",30.85425
"30",-89.9375,14.1041666666667,"Abr",30.1895
"30",-89.9375,14.1041666666667,"Ago",28.45
"30",-89.9375,14.1041666666667,"Dic",27.39175
"30",-89.9375,14.1041666666667,"Ene",28.404
"30",-89.9375,14.1041666666667,"Feb",28.934
"30",-89.9375,14.1041666666667,"Jul",28.79175
"30",-89.9375,14.1041666666667,"Jun",27.96075
"30",-89.9375,14.1041666666667,"Mar",30.2175
"30",-89.9375,14.1041666666667,"May",29.30225
"30",-89.9375,14.1041666666667,"Nov",27.50225
"30",-89.9375,14.1041666666667,"Oct",27.33275
"30",-89.9375,14.1041666666667,"Sep",27.793
"31",-90.3541666666667,17.1875,"Abr",34.079
"31",-90.3541666666667,17.1875,"Ago",32.783
"31",-90.3541666666667,17.1875,"Dic",28.62825
"31",-90.3541666666667,17.1875,"Ene",28.512
"31",-90.3541666666667,17.1875,"Feb",30.29025
"31",-90.3541666666667,17.1875,"Jul",32.54125
"31",-90.3541666666667,17.1875,"Jun",33.2925
"31",-90.3541666666667,17.1875,"Mar",32.047
"31",-90.3541666666667,17.1875,"May",34.33125
"31",-90.3541666666667,17.1875,"Nov",29.97275
"31",-90.3541666666667,17.1875,"Oct",31.1555
"31",-90.3541666666667,17.1875,"Sep",32.1615
"32",-89.6458333333333,16.6458333333333,"Abr",31.80775
"32",-89.6458333333333,16.6458333333333,"Ago",30.52575
"32",-89.6458333333333,16.6458333333333,"Dic",27.40025
"32",-89.6458333333333,16.6458333333333,"Ene",26.77075
"32",-89.6458333333333,16.6458333333333,"Feb",28.484
"32",-89.6458333333333,16.6458333333333,"Jul",30.31675
"32",-89.6458333333333,16.6458333333333,"Jun",31.2915
"32",-89.6458333333333,16.6458333333333,"Mar",29.97925
"32",-89.6458333333333,16.6458333333333,"May",32.11525
"32",-89.6458333333333,16.6458333333333,"Nov",27.9255
"32",-89.6458333333333,16.6458333333333,"Oct",29.31325
"32",-89.6458333333333,16.6458333333333,"Sep",30.34125
"33",-91.2291666666667,14.8958333333333,"Abr",19.7775
"33",-91.2291666666667,14.8958333333333,"Ago",17.87825
"33",-91.2291666666667,14.8958333333333,"Dic",16.07175
"33",-91.2291666666667,14.8958333333333,"Ene",16.7815
"33",-91.2291666666667,14.8958333333333,"Feb",17.37175
"33",-91.2291666666667,14.8958333333333,"Jul",17.36625
"33",-91.2291666666667,14.8958333333333,"Jun",17.145
"33",-91.2291666666667,14.8958333333333,"Mar",19.0155
"33",-91.2291666666667,14.8958333333333,"May",18.36125
"33",-91.2291666666667,14.8958333333333,"Nov",16.38075
"33",-91.2291666666667,14.8958333333333,"Oct",15.7985
"33",-91.2291666666667,14.8958333333333,"Sep",16.79125
"34",-90.0208333333333,16.2708333333333,"Abr",33.13825
"34",-90.0208333333333,16.2708333333333,"Ago",31.71075
"34",-90.0208333333333,16.2708333333333,"Dic",28.602
"34",-90.0208333333333,16.2708333333333,"Ene",28.064
"34",-90.0208333333333,16.2708333333333,"Feb",29.92325
"34",-90.0208333333333,16.2708333333333,"Jul",31.46025
"34",-90.0208333333333,16.2708333333333,"Jun",32.62525
"34",-90.0208333333333,16.2708333333333,"Mar",31.32875
"34",-90.0208333333333,16.2708333333333,"May",33.154
"34",-90.0208333333333,16.2708333333333,"Nov",29.277
"34",-90.0208333333333,16.2708333333333,"Oct",30.57025
"34",-90.0208333333333,16.2708333333333,"Sep",31.42975
"35",-92.0625,15.5208333333333,"Abr",27.09475
"35",-92.0625,15.5208333333333,"Ago",25.28975
"35",-92.0625,15.5208333333333,"Dic",23.35675
"35",-92.0625,15.5208333333333,"Ene",23.807
"35",-92.0625,15.5208333333333,"Feb",24.90675
"35",-92.0625,15.5208333333333,"Jul",24.9745
"35",-92.0625,15.5208333333333,"Jun",24.99575
"35",-92.0625,15.5208333333333,"Mar",26.61775
"35",-92.0625,15.5208333333333,"May",26.3845
"35",-92.0625,15.5208333333333,"Nov",23.72275
"35",-92.0625,15.5208333333333,"Oct",23.8165
"35",-92.0625,15.5208333333333,"Sep",24.4295
"36",-90.5625,17.7291666666667,"Abr",34.826
"36",-90.5625,17.7291666666667,"Ago",33.3425
"36",-90.5625,17.7291666666667,"Dic",28.757
"36",-90.5625,17.7291666666667,"Ene",28.68275
"36",-90.5625,17.7291666666667,"Feb",30.61875
"36",-90.5625,17.7291666666667,"Jul",33.1555
"36",-90.5625,17.7291666666667,"Jun",33.97975
"36",-90.5625,17.7291666666667,"Mar",32.5515
"36",-90.5625,17.7291666666667,"May",35.3165
"36",-90.5625,17.7291666666667,"Nov",30.05125
"36",-90.5625,17.7291666666667,"Oct",31.3395
"36",-90.5625,17.7291666666667,"Sep",32.57175
"37",-90.8541666666667,14.3125,"Abr",32.394
"37",-90.8541666666667,14.3125,"Ago",30.65025
"37",-90.8541666666667,14.3125,"Dic",30.54925
"37",-90.8541666666667,14.3125,"Ene",31.2045
"37",-90.8541666666667,14.3125,"Feb",31.90775
"37",-90.8541666666667,14.3125,"Jul",30.92625
"37",-90.8541666666667,14.3125,"Jun",30.55175
"37",-90.8541666666667,14.3125,"Mar",32.62025
"37",-90.8541666666667,14.3125,"May",31.35175
"37",-90.8541666666667,14.3125,"Nov",30.29525
"37",-90.8541666666667,14.3125,"Oct",30.04375
"37",-90.8541666666667,14.3125,"Sep",30.12675
"38",-91.6458333333333,15.6875,"Abr",25.20425
"38",-91.6458333333333,15.6875,"Ago",23.4545
"38",-91.6458333333333,15.6875,"Dic",21.17025
"38",-91.6458333333333,15.6875,"Ene",21.6365
"38",-91.6458333333333,15.6875,"Feb",22.74875
"38",-91.6458333333333,15.6875,"Jul",23.02875
"38",-91.6458333333333,15.6875,"Jun",23.114
"38",-91.6458333333333,15.6875,"Mar",24.5205
"38",-91.6458333333333,15.6875,"May",24.3725
"38",-91.6458333333333,15.6875,"Nov",21.4085
"38",-91.6458333333333,15.6875,"Oct",21.425
"38",-91.6458333333333,15.6875,"Sep",22.5765
"39",-90.9375,17.1875,"Abr",33.48675
"39",-90.9375,17.1875,"Ago",32.083
"39",-90.9375,17.1875,"Dic",27.712
"39",-90.9375,17.1875,"Ene",27.52675
"39",-90.9375,17.1875,"Feb",29.54975
"39",-90.9375,17.1875,"Jul",31.769
"39",-90.9375,17.1875,"Jun",32.635
"39",-90.9375,17.1875,"Mar",31.4795
"39",-90.9375,17.1875,"May",33.8475
"39",-90.9375,17.1875,"Nov",29.081
"39",-90.9375,17.1875,"Oct",30.11925
"39",-90.9375,17.1875,"Sep",31.42375
"4",-89.7291666666667,17.6041666666667,"Abr",31.24475
"4",-89.7291666666667,17.6041666666667,"Ago",30.57675
"4",-89.7291666666667,17.6041666666667,"Dic",26.5905
"4",-89.7291666666667,17.6041666666667,"Ene",26.59125
"4",-89.7291666666667,17.6041666666667,"Feb",28.08075
"4",-89.7291666666667,17.6041666666667,"Jul",30.222
"4",-89.7291666666667,17.6041666666667,"Jun",30.72525
"4",-89.7291666666667,17.6041666666667,"Mar",29.5865
"4",-89.7291666666667,17.6041666666667,"May",31.66625
"4",-89.7291666666667,17.6041666666667,"Nov",27.524
"4",-89.7291666666667,17.6041666666667,"Oct",28.98375
"4",-89.7291666666667,17.6041666666667,"Sep",30.075
"40",-91.6458333333333,14.6875,"Abr",28.903
"40",-91.6458333333333,14.6875,"Ago",28.348
"40",-91.6458333333333,14.6875,"Dic",27.9175
"40",-91.6458333333333,14.6875,"Ene",28.28425
"40",-91.6458333333333,14.6875,"Feb",28.565
"40",-91.6458333333333,14.6875,"Jul",28.211
"40",-91.6458333333333,14.6875,"Jun",27.58225
"40",-91.6458333333333,14.6875,"Mar",29.10425
"40",-91.6458333333333,14.6875,"May",28.45425
"40",-91.6458333333333,14.6875,"Nov",27.83575
"40",-91.6458333333333,14.6875,"Oct",27.423
"40",-91.6458333333333,14.6875,"Sep",27.70025
"41",-90.5625,14.1458333333333,"Abr",32.27875
"41",-90.5625,14.1458333333333,"Ago",30.6775
"41",-90.5625,14.1458333333333,"Dic",30.208
"41",-90.5625,14.1458333333333,"Ene",30.749
"41",-90.5625,14.1458333333333,"Feb",31.43
"41",-90.5625,14.1458333333333,"Jul",31.13625
"41",-90.5625,14.1458333333333,"Jun",30.60675
"41",-90.5625,14.1458333333333,"Mar",32.2865
"41",-90.5625,14.1458333333333,"May",31.49425
"41",-90.5625,14.1458333333333,"Nov",30.37125
"41",-90.5625,14.1458333333333,"Oct",30.12775
"41",-90.5625,14.1458333333333,"Sep",30.2995
"42",-90.5625,15.3958333333333,"Abr",25.2195
"42",-90.5625,15.3958333333333,"Ago",23.745
"42",-90.5625,15.3958333333333,"Dic",21.51725
"42",-90.5625,15.3958333333333,"Ene",21.18225
"42",-90.5625,15.3958333333333,"Feb",22.3405
"42",-90.5625,15.3958333333333,"Jul",23.242
"42",-90.5625,15.3958333333333,"Jun",23.546
"42",-90.5625,15.3958333333333,"Mar",23.9845
"42",-90.5625,15.3958333333333,"May",24.706
"42",-90.5625,15.3958333333333,"Nov",21.459
"42",-90.5625,15.3958333333333,"Oct",22.207
"42",-90.5625,15.3958333333333,"Sep",23.05025
"43",-89.9375,16.7708333333333,"Abr",32.312
"43",-89.9375,16.7708333333333,"Ago",31.0015
"43",-89.9375,16.7708333333333,"Dic",27.59125
"43",-89.9375,16.7708333333333,"Ene",27.2775
"43",-89.9375,16.7708333333333,"Feb",28.8935
"43",-89.9375,16.7708333333333,"Jul",31.01375
"43",-89.9375,16.7708333333333,"Jun",31.8195
"43",-89.9375,16.7708333333333,"Mar",30.47175
"43",-89.9375,16.7708333333333,"May",32.62925
"43",-89.9375,16.7708333333333,"Nov",28.49925
"43",-89.9375,16.7708333333333,"Oct",29.71
"43",-89.9375,16.7708333333333,"Sep",30.76725
"44",-90.6875,15.6875,"Abr",31.9335
"44",-90.6875,15.6875,"Ago",30.91775
"44",-90.6875,15.6875,"Dic",28.2305
"44",-90.6875,15.6875,"Ene",28.34525
"44",-90.6875,15.6875,"Feb",29.84925
"44",-90.6875,15.6875,"Jul",30.46525
"44",-90.6875,15.6875,"Jun",30.926
"44",-90.6875,15.6875,"Mar",31.25625
"44",-90.6875,15.6875,"May",32.066
"44",-90.6875,15.6875,"Nov",28.79825
"44",-90.6875,15.6875,"Oct",29.5615
"44",-90.6875,15.6875,"Sep",30.479
"45",-90.1458333333333,14.5208333333333,"Abr",21.89325
"45",-90.1458333333333,14.5208333333333,"Ago",20.1435
"45",-90.1458333333333,14.5208333333333,"Dic",18.35525
"45",-90.1458333333333,14.5208333333333,"Ene",18.3215
"45",-90.1458333333333,14.5208333333333,"Feb",19.144
"45",-90.1458333333333,14.5208333333333,"Jul",19.84375
"45",-90.1458333333333,14.5208333333333,"Jun",19.79
"45",-90.1458333333333,14.5208333333333,"Mar",20.8175
"45",-90.1458333333333,14.5208333333333,"May",21.0315
"45",-90.1458333333333,14.5208333333333,"Nov",18.3775
"45",-90.1458333333333,14.5208333333333,"Oct",18.67325
"45",-90.1458333333333,14.5208333333333,"Sep",19.264
"46",-89.6458333333333,17.5208333333333,"Abr",31.33575
"46",-89.6458333333333,17.5208333333333,"Ago",30.54025
"46",-89.6458333333333,17.5208333333333,"Dic",26.62075
"46",-89.6458333333333,17.5208333333333,"Ene",26.60425
"46",-89.6458333333333,17.5208333333333,"Feb",28.045
"46",-89.6458333333333,17.5208333333333,"Jul",30.164
"46",-89.6458333333333,17.5208333333333,"Jun",30.71675
"46",-89.6458333333333,17.5208333333333,"Mar",29.52425
"46",-89.6458333333333,17.5208333333333,"May",31.70025
"46",-89.6458333333333,17.5208333333333,"Nov",27.48375
"46",-89.6458333333333,17.5208333333333,"Oct",28.98775
"46",-89.6458333333333,17.5208333333333,"Sep",30.0875
"47",-90.8541666666667,17.7708333333333,"Abr",35.24175
"47",-90.8541666666667,17.7708333333333,"Ago",33.64775
"47",-90.8541666666667,17.7708333333333,"Dic",28.945
"47",-90.8541666666667,17.7708333333333,"Ene",28.75725
"47",-90.8541666666667,17.7708333333333,"Feb",30.8095
"47",-90.8541666666667,17.7708333333333,"Jul",33.51025
"47",-90.8541666666667,17.7708333333333,"Jun",34.4125
"47",-90.8541666666667,17.7708333333333,"Mar",32.91275
"47",-90.8541666666667,17.7708333333333,"May",35.9425
"47",-90.8541666666667,17.7708333333333,"Nov",30.23225
"47",-90.8541666666667,17.7708333333333,"Oct",31.56175
"47",-90.8541666666667,17.7708333333333,"Sep",32.992
"48",-90.0625,16.1458333333333,"Abr",33.182
"48",-90.0625,16.1458333333333,"Ago",31.93875
"48",-90.0625,16.1458333333333,"Dic",28.72975
"48",-90.0625,16.1458333333333,"Ene",28.3765
"48",-90.0625,16.1458333333333,"Feb",30.289
"48",-90.0625,16.1458333333333,"Jul",31.749
"48",-90.0625,16.1458333333333,"Jun",32.732
"48",-90.0625,16.1458333333333,"Mar",31.3475
"48",-90.0625,16.1458333333333,"May",33.21
"48",-90.0625,16.1458333333333,"Nov",29.434
"48",-90.0625,16.1458333333333,"Oct",30.646
"48",-90.0625,16.1458333333333,"Sep",31.7505
"49",-89.3125,16.2708333333333,"Abr",29.191
"49",-89.3125,16.2708333333333,"Ago",28.41675
"49",-89.3125,16.2708333333333,"Dic",25.326
"49",-89.3125,16.2708333333333,"Ene",24.99375
"49",-89.3125,16.2708333333333,"Feb",26.49625
"49",-89.3125,16.2708333333333,"Jul",28.30975
"49",-89.3125,16.2708333333333,"Jun",28.67225
"49",-89.3125,16.2708333333333,"Mar",27.58025
"49",-89.3125,16.2708333333333,"May",28.90325
"49",-89.3125,16.2708333333333,"Nov",25.73225
"49",-89.3125,16.2708333333333,"Oct",27.16725
"49",-89.3125,16.2708333333333,"Sep",28.27
"5",-90.2708333333333,15.4375,"Abr",25.4055
"5",-90.2708333333333,15.4375,"Ago",24.29025
"5",-90.2708333333333,15.4375,"Dic",22.141
"5",-90.2708333333333,15.4375,"Ene",21.69875
"5",-90.2708333333333,15.4375,"Feb",23.067
"5",-90.2708333333333,15.4375,"Jul",23.84625
"5",-90.2708333333333,15.4375,"Jun",24.3865
"5",-90.2708333333333,15.4375,"Mar",24.59875
"5",-90.2708333333333,15.4375,"May",25.254
"5",-90.2708333333333,15.4375,"Nov",22.38525
"5",-90.2708333333333,15.4375,"Oct",23.24425
"5",-90.2708333333333,15.4375,"Sep",24.048
"50",-89.9375,14.2708333333333,"Abr",30.51525
"50",-89.9375,14.2708333333333,"Ago",29.00925
"50",-89.9375,14.2708333333333,"Dic",27.95725
"50",-89.9375,14.2708333333333,"Ene",28.96425
"50",-89.9375,14.2708333333333,"Feb",29.953
"50",-89.9375,14.2708333333333,"Jul",29.41875
"50",-89.9375,14.2708333333333,"Jun",28.664
"50",-89.9375,14.2708333333333,"Mar",30.663
"50",-89.9375,14.2708333333333,"May",29.82475
"50",-89.9375,14.2708333333333,"Nov",28.081
"50",-89.9375,14.2708333333333,"Oct",27.897
"50",-89.9375,14.2708333333333,"Sep",28.38075
"6",-90.3541666666667,16.8125,"Abr",33.4965
"6",-90.3541666666667,16.8125,"Ago",31.815
"6",-90.3541666666667,16.8125,"Dic",28.1055
"6",-90.3541666666667,16.8125,"Ene",27.90375
"6",-90.3541666666667,16.8125,"Feb",29.69725
"6",-90.3541666666667,16.8125,"Jul",31.64025
"6",-90.3541666666667,16.8125,"Jun",32.57775
"6",-90.3541666666667,16.8125,"Mar",31.5385
"6",-90.3541666666667,16.8125,"May",33.8235
"6",-90.3541666666667,16.8125,"Nov",29.3015
"6",-90.3541666666667,16.8125,"Oct",30.46575
"6",-90.3541666666667,16.8125,"Sep",31.5285
"7",-89.7291666666667,16.1041666666667,"Abr",32.323
"7",-89.7291666666667,16.1041666666667,"Ago",31.09075
"7",-89.7291666666667,16.1041666666667,"Dic",27.95425
"7",-89.7291666666667,16.1041666666667,"Ene",27.401
"7",-89.7291666666667,16.1041666666667,"Feb",29.312
"7",-89.7291666666667,16.1041666666667,"Jul",30.80725
"7",-89.7291666666667,16.1041666666667,"Jun",32.09125
"7",-89.7291666666667,16.1041666666667,"Mar",30.59875
"7",-89.7291666666667,16.1041666666667,"May",32.39075
"7",-89.7291666666667,16.1041666666667,"Nov",28.59075
"7",-89.7291666666667,16.1041666666667,"Oct",29.895
"7",-89.7291666666667,16.1041666666667,"Sep",30.927
"8",-90.7291666666667,15.2708333333333,"Abr",24.01475
"8",-90.7291666666667,15.2708333333333,"Ago",22.59375
"8",-90.7291666666667,15.2708333333333,"Dic",20.7395
"8",-90.7291666666667,15.2708333333333,"Ene",20.75975
"8",-90.7291666666667,15.2708333333333,"Feb",22.08025
"8",-90.7291666666667,15.2708333333333,"Jul",22.0845
"8",-90.7291666666667,15.2708333333333,"Jun",22.1755
"8",-90.7291666666667,15.2708333333333,"Mar",23.4135
"8",-90.7291666666667,15.2708333333333,"May",23.5815
"8",-90.7291666666667,15.2708333333333,"Nov",21.02575
"8",-90.7291666666667,15.2708333333333,"Oct",21.26625
"8",-90.7291666666667,15.2708333333333,"Sep",22.202
"9",-90.8125,15.8541666666667,"Abr",33.76075
"9",-90.8125,15.8541666666667,"Ago",32.6215
"9",-90.8125,15.8541666666667,"Dic",30.0135
"9",-90.8125,15.8541666666667,"Ene",30.02
"9",-90.8125,15.8541666666667,"Feb",31.49
"9",-90.8125,15.8541666666667,"Jul",32.14775
"9",-90.8125,15.8541666666667,"Jun",32.9035
"9",-90.8125,15.8541666666667,"Mar",32.793
"9",-90.8125,15.8541666666667,"May",33.752
"9",-90.8125,15.8541666666667,"Nov",30.55225
"9",-90.8125,15.8541666666667,"Oct",31.2095
"9",-90.8125,15.8541666666667,"Sep",32.1975
