<?xml version="1.0" encoding="UTF-8"?>
<metadata xml:lang="en"><Esri><CreaDate>20210625</CreaDate><CreaTime>19564100</CreaTime><ArcGISFormat>1.0</ArcGISFormat><ArcGISstyle>Item Description</ArcGISstyle><SyncOnce>TRUE</SyncOnce><DataProperties><lineage><Process ToolSource="c:\program files (x86)\arcgis\desktop10.3\ArcToolbox\Toolboxes\Data Management Tools.tbx\CalculateField" Date="20210625" Time="195641">CalculateField homicidios_barrios_v5 total "[y2016] + [y2017] + [y2018] + [y2019]" VB #</Process></lineage></DataProperties></Esri></metadata>
